OG	SAMP	assembly	size
OG1	OG1.ilmn.230620	OG1.ilmn.230620.v129mh.fna	0 B
OG1	OG1.ilmn.230814	OG1.ilmn.230814.v129mh.fna	0 B
OG2	OG2.ilmn.240716	OG2.ilmn.240716.v129mh.fna	0 B
OG3	OG3.ilmn.230620	OG3.ilmn.230620.v129mh.fna	0 B
OG3	OG3.ilmn.230814	OG3.ilmn.230814.v129mh.fna	0 B
OG3	OG3.ilmn.230814	OG3.ilmn.230814.v129mh.fna	0 B
OG4	OG4.ilmn.230620	OG4.ilmn.230620.v129mh.fna	0 B
OG4	OG4.ilmn.230620	OG4.ilmn.230620.v129mh.fna	0 B
OG4	OG4.ilmn.230814	OG4.ilmn.230814.v129mh.fna	0 B
OG5	OG5.ilmn.230620	OG5.ilmn.230620.v129mh.fna	0 B
OG6	OG6.ilmn.230620	OG6.ilmn.230620.v129mh.fna	0 B
OG6	OG6.ilmn.230814	OG6.ilmn.230814.v129mh.fna	0 B
OG7	OG7.ilmn.231024	OG7.ilmn.231024.v129mh.fna	1.040 GiB
OG8	OG8.ilmn.230302	OG8.ilmn.230302.v129mh.fna	0 B
OG9	OG9.ilmn.230620	OG9.ilmn.230620.v129mh.fna	0 B
OG9	OG9.ilmn.230814	OG9.ilmn.230814.v129mh.fna	0 B
OG9	OG9.ilmn.230814	OG9.ilmn.230814.v129mh.fna	0 B
OG10	OG10.ilmn.230302	OG10.ilmn.230302.v129mh.fna	0 B
OG11	OG11.ilmn.230620	OG11.ilmn.230620.v129mh.fna	0 B
OG11	OG11.ilmn.230814	OG11.ilmn.230814.v129mh.fna	0 B
OG11	OG11.ilmn.230814	OG11.ilmn.230814.v129mh.fna	0 B
OG12	OG12.ilmn.230620	OG12.ilmn.230620.v129mh.fna	0 B
OG12	OG12.ilmn.230814	OG12.ilmn.230814.v129mh.fna	0 B
OG13	OG13.ilmn.230302	OG13.ilmn.230302.v129mh.fna	0 B
OG14	OG14.ilmn.230302	OG14.ilmn.230302.v129mh.fna	0 B
OG15	OG15.ilmn.230620	OG15.ilmn.230620.v129mh.fna	0 B
OG15	OG15.ilmn.230814	OG15.ilmn.230814.v129mh.fna	0 B
OG16	OG16.ilmn.230620	OG16.ilmn.230620.v129mh.fna	0 B
OG16	OG16.ilmn.230814	OG16.ilmn.230814.v129mh.fna	0 B
OG17	OG17.ilmn.231024	OG17.ilmn.231024.v129mh.fna	1.967 GiB
OG18	OG18.ilmn.230620	OG18.ilmn.230620.v129mh.fna	0 B
OG18	OG18.ilmn.230814	OG18.ilmn.230814.v129mh.fna	0 B
OG19	OG19.ilmn.230620	OG19.ilmn.230620.v129mh.fna	0 B
OG19	OG19.ilmn.230814	OG19.ilmn.230814.v129mh.fna	0 B
OG20	OG20.ilmn.230620	OG20.ilmn.230620.v129mh.fna	0 B
OG20	OG20.ilmn.230814	OG20.ilmn.230814.v129mh.fna	0 B
OG21	OG21.ilmn.230620	OG21.ilmn.230620.v129mh.fna	0 B
OG21	OG21.ilmn.230814	OG21.ilmn.230814.v129mh.fna	0 B
OG22	OG22.ilmn.230620	OG22.ilmn.230620.v129mh.fna	0 B
OG22	OG22.ilmn.230814	OG22.ilmn.230814.v129mh.fna	0 B
OG22	OG22.ilmn.230814	OG22.ilmn.230814.v129mh.fna	0 B
OG23	OG23.ilmn.230620	OG23.ilmn.230620.v129mh.fna	0 B
OG23	OG23.ilmn.230814	OG23.ilmn.230814.v129mh.fna	0 B
OG23	OG23.ilmn.230814	OG23.ilmn.230814.v129mh.fna	0 B
OG24	OG24.ilmn.230620	OG24.ilmn.230620.v129mh.fna	0 B
OG24	OG24.ilmn.230814	OG24.ilmn.230814.v129mh.fna	0 B
OG25	OG25.ilmn.230814	OG25.ilmn.230814.v129mh.fna	402.065 MiB
OG26	OG26.ilmn.240716	OG26.ilmn.240716.v129mh.fna	0 B
OG26	OG26.ilmn.240813	OG26.ilmn.240813.v129mh.fna	3.181 GiB
OG27	OG27.ilmn.230620	OG27.ilmn.230620.v129mh.fna	0 B
OG28	OG28.ilmn.231024	OG28.ilmn.231024.v129mh.fna	0 B
OG29	OG29.ilmn.240716	OG29.ilmn.240716.v129mh.fna	0 B
OG29	OG29.ilmn.240813	OG29.ilmn.240813.v129mh.fna	2.460 GiB
OG30	OG30.ilmn.230814	OG30.ilmn.230814.v129mh.fna	0 B
OG31	OG31.ilmn.240716	OG31.ilmn.240716.v129mh.fna	2.502 GiB
OG32	OG32.ilmn.240716	OG32.ilmn.240716.v129mh.fna	2.508 GiB
OG33	OG33.ilmn.240716	OG33.ilmn.240716.v129mh.fna	672.499 MiB
OG34	OG34.ilmn.230620	OG34.ilmn.230620.v129mh.fna	0 B
OG35	OG35.ilmn.230620	OG35.ilmn.230620.v129mh.fna	0 B
OG36	OG36.ilmn.230620	OG36.ilmn.230620.v129mh.fna	0 B
OG37	OG37.ilmn.240716	OG37.ilmn.240716.v129mh.fna	584.348 MiB
OG38	OG38.ilmn.231024	OG38.ilmn.231024.v129mh.fna	763.852 MiB
OG39	OG39.ilmn.231024	OG39.ilmn.231024.v129mh.fna	0 B
OG40	OG40.ilmn.231024	OG40.ilmn.231024.v129mh.fna	634.111 MiB
OG44	OG44.ilmn.231024	OG44.ilmn.231024.v129mh.fna	814.965 MiB
OG49	OG49.ilmn.230814	OG49.ilmn.230814.v129mh.fna	633.342 MiB
OG50	OG50.ilmn.230814	OG50.ilmn.230814.v129mh.fna	625.142 MiB
OG51	OG51.ilmn.240313	OG51.ilmn.240313.v129mh.fna	765.640 MiB
OG52	OG52.ilmn.231024	OG52.ilmn.231024.v129mh.fna	0 B
OG53	OG53.ilmn.231024	OG53.ilmn.231024.v129mh.fna	672.156 MiB
OG56	OG56.ilmn.231024	OG56.ilmn.231024.v129mh.fna	1.417 GiB
OG57	OG57.ilmn.231024	OG57.ilmn.231024.v129mh.fna	634.941 MiB
OG59	OG59.ilmn.240716	OG59.ilmn.240716.v129mh.fna	815.349 MiB
OG63	OG63.ilmn.240716	OG63.ilmn.240716.v129mh.fna	806.577 MiB
OG66	OG66.ilmn.240716	OG66.ilmn.240716.v129mh.fna	1.582 GiB
OG68	OG68.ilmn.230814	OG68.ilmn.230814.v129mh.fna	0 B
OG71	OG71.ilmn.240813	OG71.ilmn.240813.v129mh.fna	588.918 MiB
OG74	OG74.ilmn.240813	OG74.ilmn.240813.v129mh.fna	478.860 MiB
OG76	OG76.ilmn.230814	OG76.ilmn.230814.v129mh.fna	0 B
OG80	OG80.ilmn.240716	OG80.ilmn.240716.v129mh.fna	1.242 GiB
OG82	OG82.ilmn.240313	OG82.ilmn.240313.v129mh.fna	648.432 MiB
OG83	OG83.ilmn.240716	OG83.ilmn.240716.v129mh.fna	1.958 GiB
OG85	OG85.ilmn.240313	OG85.ilmn.240313.v129mh.fna	655.270 MiB
OG86	OG86.ilmn.240716	OG86.ilmn.240716.v129mh.fna	763.245 MiB
OG87	OG87.ilmn.231024	OG87.ilmn.231024.v129mh.fna	748.495 MiB
OG88	OG88.ilmn.230814	OG88.ilmn.230814.v129mh.fna	563.873 MiB
OG89	OG89.ilmn.240716	OG89.ilmn.240716.v129mh.fna	551.212 MiB
OG91	OG91.ilmn.240313	OG91.ilmn.240313.v129mh.fna	483.208 MiB
OG95	OG95.ilmn.230620	OG95.ilmn.230620.v129mh.fna	0 B
OG99	OG99.ilmn.231024	OG99.ilmn.231024.v129mh.fna	646.545 MiB
OG100	OG100.ilmn.231024	OG100.ilmn.231024.v129mh.fna	516.645 MiB
OG101	OG101.ilmn.231024	OG101.ilmn.231024.v129mh.fna	624.513 MiB
OG103	OG103.ilmn.240313	OG103.ilmn.240313.v129mh.fna	492.499 MiB
OG105	OG105.ilmn.231024	OG105.ilmn.231024.v129mh.fna	704.348 MiB
OG107	OG107.ilmn.231024	OG107.ilmn.231024.v129mh.fna	545.198 MiB
OG108	OG108.ilmn.231024	OG108.ilmn.231024.v129mh.fna	739.512 MiB
OG110	OG110.ilmn.240716	OG110.ilmn.240716.v129mh.fna	768.940 MiB
OG111	OG111.ilmn.231024	OG111.ilmn.231024.v129mh.fna	556.031 MiB
OG113	OG113.ilmn.231024	OG113.ilmn.231024.v129mh.fna	660.699 MiB
OG114	OG114.ilmn.231024	OG114.ilmn.231024.v129mh.fna	755.446 MiB
OG115	OG115.ilmn.231024	OG115.ilmn.231024.v129mh.fna	552.956 MiB
OG116	OG116.ilmn.240313	OG116.ilmn.240313.v129mh.fna	552.716 MiB
OG117	OG117.ilmn.240313	OG117.ilmn.240313.v129mh.fna	826.523 MiB
OG118	OG118.ilmn.240313	OG118.ilmn.240313.v129mh.fna	551.712 MiB
OG119	OG119.ilmn.240313	OG119.ilmn.240313.v129mh.fna	549.486 MiB
OG120	OG120.ilmn.230620	OG120.ilmn.230620.v129mh.fna	0 B
OG121	OG121.ilmn.230620	OG121.ilmn.230620.v129mh.fna	0 B
OG122	OG122.ilmn.230620	OG122.ilmn.230620.v129mh.fna	0 B
OG123	OG123.ilmn.230620	OG123.ilmn.230620.v129mh.fna	0 B
OG124	OG124.ilmn.230620	OG124.ilmn.230620.v129mh.fna	0 B
OG125	OG125.ilmn.230620	OG125.ilmn.230620.v129mh.fna	0 B
OG126	OG126.ilmn.230620	OG126.ilmn.230620.v129mh.fna	0 B
OG127	OG127.ilmn.230620	OG127.ilmn.230620.v129mh.fna	0 B
OG128	OG128.ilmn.230620	OG128.ilmn.230620.v129mh.fna	0 B
OG129	OG129.ilmn.230620	OG129.ilmn.230620.v129mh.fna	0 B
OG130	OG130.ilmn.230620	OG130.ilmn.230620.v129mh.fna	0 B
OG131	OG131.ilmn.230620	OG131.ilmn.230620.v129mh.fna	0 B
OG179	OG179.ilmn.230814	OG179.ilmn.230814.v129mh.fna	730.934 MiB
OG180	OG180.ilmn.230814	OG180.ilmn.230814.v129mh.fna	732.629 MiB
OG181	OG181.ilmn.230814	OG181.ilmn.230814.v129mh.fna	791.624 MiB
OG182	OG182.ilmn.230814	OG182.ilmn.230814.v129mh.fna	772.810 MiB
OG183	OG183.ilmn.230814	OG183.ilmn.230814.v129mh.fna	703.670 MiB
OG184	OG184.ilmn.230814	OG184.ilmn.230814.v129mh.fna	928.029 MiB
OG185	OG185.ilmn.230814	OG185.ilmn.230814.v129mh.fna	880.950 MiB
OG186	OG186.ilmn.230814	OG186.ilmn.230814.v129mh.fna	844.858 MiB
OG187	OG187.ilmn.230814	OG187.ilmn.230814.v129mh.fna	924.487 MiB
OG188	OG188.ilmn.230814	OG188.ilmn.230814.v129mh.fna	820.091 MiB
OG189	OG189.ilmn.240716	OG189.ilmn.240716.v129mh.fna	790.042 MiB
OG190	OG190.ilmn.230814	OG190.ilmn.230814.v129mh.fna	719.357 MiB
OG191	OG191.ilmn.230814	OG191.ilmn.230814.v129mh.fna	760.836 MiB
OG192	OG192.ilmn.240716	OG192.ilmn.240716.v129mh.fna	844.213 MiB
OG193	OG193.ilmn.240313	OG193.ilmn.240313.v129mh.fna	766.848 MiB
OG194	OG194.ilmn.240716	OG194.ilmn.240716.v129mh.fna	835.737 MiB
OG195	OG195.ilmn.230620	OG195.ilmn.230620.v129mh.fna	0 B
OG196	OG196.ilmn.230620	OG196.ilmn.230620.v129mh.fna	0 B
OG197	OG197.ilmn.230620	OG197.ilmn.230620.v129mh.fna	0 B
OG198	OG198.ilmn.230620	OG198.ilmn.230620.v129mh.fna	0 B
OG199	OG199.ilmn.230620	OG199.ilmn.230620.v129mh.fna	0 B
OG200	OG200.ilmn.230620	OG200.ilmn.230620.v129mh.fna	0 B
OG201	OG201.ilmn.230620	OG201.ilmn.230620.v129mh.fna	0 B
OG201	OG201.ilmn.241003	OG201.ilmn.241003.v129mh.fna	0 B
OG202	OG202.ilmn.230620	OG202.ilmn.230620.v129mh.fna	0 B
OG203	OG203.ilmn.230620	OG203.ilmn.230620.v129mh.fna	0 B
OG204	OG204.ilmn.230620	OG204.ilmn.230620.v129mh.fna	0 B
OG205	OG205.ilmn.230620	OG205.ilmn.230620.v129mh.fna	0 B
OG206	OG206.ilmn.230607	OG206.ilmn.230607.v129mh.fna	0 B
OG207	OG207.ilmn.230607	OG207.ilmn.230607.v129mh.fna	0 B
OG208	OG208.ilmn.230607	OG208.ilmn.230607.v129mh.fna	0 B
OG209	OG209.ilmn.230607	OG209.ilmn.230607.v129mh.fna	0 B
OG210	OG210.ilmn.230607	OG210.ilmn.230607.v129mh.fna	0 B
OG211	OG211.ilmn.230607	OG211.ilmn.230607.v129mh.fna	0 B
OG212	OG212.ilmn.230607	OG212.ilmn.230607.v129mh.fna	0 B
OG213	OG213.ilmn.230607	OG213.ilmn.230607.v129mh.fna	0 B
OG214	OG214.ilmn.230607	OG214.ilmn.230607.v129mh.fna	0 B
OG215	OG215.ilmn.230607	OG215.ilmn.230607.v129mh.fna	0 B
OG216	OG216.ilmn.230607	OG216.ilmn.230607.v129mh.fna	0 B
OG217	OG217.ilmn.230607	OG217.ilmn.230607.v129mh.fna	0 B
OG218	OG218.ilmn.230607	OG218.ilmn.230607.v129mh.fna	0 B
OG219	OG219.ilmn.230607	OG219.ilmn.230607.v129mh.fna	0 B
OG220	OG220.ilmn.230607	OG220.ilmn.230607.v129mh.fna	0 B
OG221	OG221.ilmn.230607	OG221.ilmn.230607.v129mh.fna	0 B
OG222	OG222.ilmn.230607	OG222.ilmn.230607.v129mh.fna	0 B
OG223	OG223.ilmn.230607	OG223.ilmn.230607.v129mh.fna	0 B
OG224	OG224.ilmn.230607	OG224.ilmn.230607.v129mh.fna	0 B
OG225	OG225.ilmn.230607	OG225.ilmn.230607.v129mh.fna	0 B
OG226	OG226.ilmn.230607	OG226.ilmn.230607.v129mh.fna	0 B
OG227	OG227.ilmn.240716	OG227.ilmn.240716.v129mh.fna	2.723 GiB
OG228	OG228.ilmn.230324	OG228.ilmn.230324.v129mh.fna	823.455 MiB
OG229	OG229.ilmn.230324	OG229.ilmn.230324.v129mh.fna	993.074 MiB
OG230	OG230.ilmn.230324	OG230.ilmn.230324.v129mh.fna	0 B
OG230	OG230.ilmn.230607	OG230.ilmn.230607.v129mh.fna	0 B
OG231	OG231.ilmn.230324	OG231.ilmn.230324.v129mh.fna	918.846 MiB
OG232	OG232.ilmn.230324	OG232.ilmn.230324.v129mh.fna	949.366 MiB
OG233	OG233.ilmn.230324	OG233.ilmn.230324.v129mh.fna	1.707 GiB
OG234	OG234.ilmn.230324	OG234.ilmn.230324.v129mh.fna	1.602 GiB
OG235	OG235.ilmn.230324	OG235.ilmn.230324.v129mh.fna	1.115 GiB
OG236	OG236.ilmn.230324	OG236.ilmn.230324.v129mh.fna	1.005 GiB
OG237	OG237.ilmn.230324	OG237.ilmn.230324.v129mh.fna	922.685 MiB
OG238	OG238.ilmn.230324	OG238.ilmn.230324.v129mh.fna	718.023 MiB
OG239	OG239.ilmn.230324	OG239.ilmn.230324.v129mh.fna	844.912 MiB
OG240	OG240.ilmn.230324	OG240.ilmn.230324.v129mh.fna	826.057 MiB
OG241	OG241.ilmn.230324	OG241.ilmn.230324.v129mh.fna	639.407 MiB
OG242	OG242.ilmn.230324	OG242.ilmn.230324.v129mh.fna	767.127 MiB
OG243	OG243.ilmn.230324	OG243.ilmn.230324.v129mh.fna	768.371 MiB
OG244	OG244.ilmn.230324	OG244.ilmn.230324.v129mh.fna	684.603 MiB
OG245	OG245.ilmn.230607	OG245.ilmn.230607.v129mh.fna	0 B
OG246	OG246.ilmn.230324	OG246.ilmn.230324.v129mh.fna	720.082 MiB
OG247	OG247.ilmn.230324	OG247.ilmn.230324.v129mh.fna	710.708 MiB
OG248	OG248.ilmn.230324	OG248.ilmn.230324.v129mh.fna	713.405 MiB
OG249	OG249.ilmn.230324	OG249.ilmn.230324.v129mh.fna	1.169 GiB
OG250	OG250.ilmn.230324	OG250.ilmn.230324.v129mh.fna	1.086 GiB
OG251	OG251.ilmn.230324	OG251.ilmn.230324.v129mh.fna	626.253 MiB
OG252	OG252.ilmn.230324	OG252.ilmn.230324.v129mh.fna	881.401 MiB
OG253	OG253.ilmn.230324	OG253.ilmn.230324.v129mh.fna	1.110 GiB
OG254	OG254.ilmn.230324	OG254.ilmn.230324.v129mh.fna	963.098 MiB
OG255	OG255.ilmn.230324	OG255.ilmn.230324.v129mh.fna	1.081 GiB
OG256	OG256.ilmn.230324	OG256.ilmn.230324.v129mh.fna	678.927 MiB
OG257	OG257.ilmn.230324	OG257.ilmn.230324.v129mh.fna	600.355 MiB
OG258	OG258.ilmn.230324	OG258.ilmn.230324.v129mh.fna	1.017 GiB
OG259	OG259.ilmn.221209	OG259.ilmn.221209.v129mh.fna	0 B
OG259	OG259.ilmn.230419	OG259.ilmn.230419.v129mh.fna	638.571 MiB
OG260	OG260.ilmn.221209	OG260.ilmn.221209.v129mh.fna	0 B
OG260	OG260.ilmn.230419	OG260.ilmn.230419.v129mh.fna	960.748 MiB
OG261	OG261.ilmn.221209	OG261.ilmn.221209.v129mh.fna	0 B
OG261	OG261.ilmn.230419	OG261.ilmn.230419.v129mh.fna	545.704 MiB
OG262	OG262.ilmn.221209	OG262.ilmn.221209.v129mh.fna	0 B
OG262	OG262.ilmn.230419	OG262.ilmn.230419.v129mh.fna	59.191 MiB
OG263	OG263.ilmn.221209	OG263.ilmn.221209.v129mh.fna	0 B
OG263	OG263.ilmn.230419	OG263.ilmn.230419.v129mh.fna	1.641 GiB
OG264	OG264.ilmn.221209	OG264.ilmn.221209.v129mh.fna	0 B
OG265	OG265.ilmn.221209	OG265.ilmn.221209.v129mh.fna	0 B
OG265	OG265.ilmn.230419	OG265.ilmn.230419.v129mh.fna	0 B
OG266	OG266.ilmn.221209	OG266.ilmn.221209.v129mh.fna	0 B
OG266	OG266.ilmn.230419	OG266.ilmn.230419.v129mh.fna	939.050 MiB
OG267	OG267.ilmn.221209	OG267.ilmn.221209.v129mh.fna	0 B
OG267	OG267.ilmn.230419	OG267.ilmn.230419.v129mh.fna	951.735 MiB
OG268	OG268.ilmn.221209	OG268.ilmn.221209.v129mh.fna	0 B
OG268	OG268.ilmn.230419	OG268.ilmn.230419.v129mh.fna	972.678 MiB
OG269	OG269.ilmn.221003	OG269.ilmn.221003.v129mh.fna	1.242 GiB
OG270	OG270.ilmn.221003	OG270.ilmn.221003.v129mh.fna	1.840 GiB
OG271	OG271.ilmn.221209	OG271.ilmn.221209.v129mh.fna	0 B
OG271	OG271.ilmn.230419	OG271.ilmn.230419.v129mh.fna	564.392 MiB
OG272	OG272.ilmn.221209	OG272.ilmn.221209.v129mh.fna	0 B
OG272	OG272.ilmn.230419	OG272.ilmn.230419.v129mh.fna	859.609 MiB
OG273	OG273.ilmn.221209	OG273.ilmn.221209.v129mh.fna	0 B
OG273	OG273.ilmn.230419	OG273.ilmn.230419.v129mh.fna	607.473 MiB
OG274	OG274.ilmn.221209	OG274.ilmn.221209.v129mh.fna	0 B
OG274	OG274.ilmn.230419	OG274.ilmn.230419.v129mh.fna	523.091 MiB
OG275	OG275.ilmn.221209	OG275.ilmn.221209.v129mh.fna	0 B
OG275	OG275.ilmn.230419	OG275.ilmn.230419.v129mh.fna	618.770 MiB
OG276	OG276.ilmn.221209	OG276.ilmn.221209.v129mh.fna	0 B
OG276	OG276.ilmn.230419	OG276.ilmn.230419.v129mh.fna	350.380 MiB
OG277	OG277.ilmn.221209	OG277.ilmn.221209.v129mh.fna	0 B
OG277	OG277.ilmn.230419	OG277.ilmn.230419.v129mh.fna	883.250 MiB
OG278	OG278.ilmn.221209	OG278.ilmn.221209.v129mh.fna	0 B
OG278	OG278.ilmn.230419	OG278.ilmn.230419.v129mh.fna	111.850 MiB
OG279	OG279.ilmn.221003	OG279.ilmn.221003.v129mh.fna	1.254 GiB
OG280	OG280.ilmn.230302	OG280.ilmn.230302.v129mh.fna	0 B
OG280	OG280.ilmn.230419	OG280.ilmn.230419.v129mh.fna	1012.927 MiB
OG281	OG281.ilmn.221209	OG281.ilmn.221209.v129mh.fna	0 B
OG281	OG281.ilmn.230419	OG281.ilmn.230419.v129mh.fna	753.045 MiB
OG282	OG282.ilmn.221003	OG282.ilmn.221003.v129mh.fna	971.975 MiB
OG283	OG283.ilmn.221003	OG283.ilmn.221003.v129mh.fna	1.455 GiB
OG284	OG284.ilmn.221003	OG284.ilmn.221003.v129mh.fna	961.400 MiB
OG285	OG285.ilmn.221003	OG285.ilmn.221003.v129mh.fna	928.606 MiB
OG286	OG286.ilmn.221209	OG286.ilmn.221209.v129mh.fna	0 B
OG286	OG286.ilmn.230419	OG286.ilmn.230419.v129mh.fna	723.594 MiB
OG287	OG287.ilmn.221209	OG287.ilmn.221209.v129mh.fna	0 B
OG287	OG287.ilmn.230419	OG287.ilmn.230419.v129mh.fna	771.710 MiB
OG288	OG288.ilmn.221209	OG288.ilmn.221209.v129mh.fna	0 B
OG288	OG288.ilmn.230419	OG288.ilmn.230419.v129mh.fna	798.346 MiB
OG289	OG289.ilmn.221209	OG289.ilmn.221209.v129mh.fna	0 B
OG289	OG289.ilmn.230419	OG289.ilmn.230419.v129mh.fna	802.036 MiB
OG290	OG290.ilmn.221209	OG290.ilmn.221209.v129mh.fna	0 B
OG290	OG290.ilmn.230419	OG290.ilmn.230419.v129mh.fna	714.827 MiB
OG291	OG291.ilmn.221209	OG291.ilmn.221209.v129mh.fna	0 B
OG291	OG291.ilmn.230419	OG291.ilmn.230419.v129mh.fna	703.293 MiB
OG292	OG292.ilmn.221209	OG292.ilmn.221209.v129mh.fna	0 B
OG292	OG292.ilmn.230419	OG292.ilmn.230419.v129mh.fna	766.344 MiB
OG293	OG293.ilmn.221209	OG293.ilmn.221209.v129mh.fna	0 B
OG293	OG293.ilmn.230419	OG293.ilmn.230419.v129mh.fna	696.032 MiB
OG294	OG294.ilmn.221003	OG294.ilmn.221003.v129mh.fna	1.122 GiB
OG295	OG295.ilmn.221003	OG295.ilmn.221003.v129mh.fna	1.081 GiB
OG296	OG296.ilmn.221003	OG296.ilmn.221003.v129mh.fna	1.321 GiB
OG297	OG297.ilmn.221003	OG297.ilmn.221003.v129mh.fna	1.099 GiB
OG298	OG298.ilmn.221003	OG298.ilmn.221003.v129mh.fna	1.223 GiB
OG299	OG299.ilmn.221209	OG299.ilmn.221209.v129mh.fna	0 B
OG299	OG299.ilmn.230419	OG299.ilmn.230419.v129mh.fna	540.341 MiB
OG300	OG300.ilmn.230324	OG300.ilmn.230324.v129mh.fna	1.187 GiB
OG301	OG301.ilmn.221115	OG301.ilmn.221115.v129mh.fna	707.690 MiB
OG302	OG302.ilmn.221115	OG302.ilmn.221115.v129mh.fna	713.113 MiB
OG303	OG303.ilmn.221123	OG303.ilmn.221123.v129mh.fna	664.800 MiB
OG304	OG304.ilmn.221123	OG304.ilmn.221123.v129mh.fna	587.945 MiB
OG305	OG305.ilmn.221115	OG305.ilmn.221115.v129mh.fna	768.383 MiB
OG306	OG306.ilmn.221123	OG306.ilmn.221123.v129mh.fna	562.785 MiB
OG307	OG307.ilmn.221115	OG307.ilmn.221115.v129mh.fna	705.309 MiB
OG308	OG308.ilmn.221123	OG308.ilmn.221123.v129mh.fna	594.841 MiB
OG309	OG309.ilmn.221123	OG309.ilmn.221123.v129mh.fna	1.099 GiB
OG310	OG310.ilmn.221123	OG310.ilmn.221123.v129mh.fna	592.845 MiB
OG311	OG311.ilmn.221123	OG311.ilmn.221123.v129mh.fna	1.104 GiB
OG312	OG312.ilmn.221123	OG312.ilmn.221123.v129mh.fna	1.760 GiB
OG313	OG313.ilmn.230302	OG313.ilmn.230302.v129mh.fna	0 B
OG313	OG313.ilmn.230419	OG313.ilmn.230419.v129mh.fna	0 B
OG314	OG314.ilmn.230302	OG314.ilmn.230302.v129mh.fna	0 B
OG314	OG314.ilmn.230419	OG314.ilmn.230419.v129mh.fna	0 B
OG315	OG315.ilmn.221115	OG315.ilmn.221115.v129mh.fna	727.966 MiB
OG316	OG316.ilmn.221115	OG316.ilmn.221115.v129mh.fna	557.413 MiB
OG317	OG317.ilmn.230302	OG317.ilmn.230302.v129mh.fna	0 B
OG317	OG317.ilmn.230419	OG317.ilmn.230419.v129mh.fna	0 B
OG318	OG318.ilmn.230302	OG318.ilmn.230302.v129mh.fna	0 B
OG318	OG318.ilmn.230419	OG318.ilmn.230419.v129mh.fna	0 B
OG319	OG319.ilmn.221115	OG319.ilmn.221115.v129mh.fna	651.641 MiB
OG320	OG320.ilmn.230302	OG320.ilmn.230302.v129mh.fna	0 B
OG320	OG320.ilmn.230419	OG320.ilmn.230419.v129mh.fna	545.989 MiB
OG321	OG321.ilmn.230302	OG321.ilmn.230302.v129mh.fna	0 B
OG321	OG321.ilmn.230419	OG321.ilmn.230419.v129mh.fna	989.477 MiB
OG322	OG322.ilmn.230302	OG322.ilmn.230302.v129mh.fna	0 B
OG322	OG322.ilmn.230419	OG322.ilmn.230419.v129mh.fna	0 B
OG323	OG323.ilmn.221003	OG323.ilmn.221003.v129mh.fna	1.059 GiB
OG324	OG324.ilmn.221003	OG324.ilmn.221003.v129mh.fna	1.025 GiB
OG325	OG325.ilmn.221003	OG325.ilmn.221003.v129mh.fna	0 B
OG326	OG326.ilmn.221003	OG326.ilmn.221003.v129mh.fna	591.931 MiB
OG327	OG327.ilmn.230324	OG327.ilmn.230324.v129mh.fna	1.155 GiB
OG328	OG328.ilmn.230324	OG328.ilmn.230324.v129mh.fna	796.790 MiB
OG329	OG329.ilmn.230302	OG329.ilmn.230302.v129mh.fna	0 B
OG329	OG329.ilmn.230419	OG329.ilmn.230419.v129mh.fna	670.567 MiB
OG330	OG330.ilmn.230324	OG330.ilmn.230324.v129mh.fna	652.872 MiB
OG331	OG331.ilmn.221115	OG331.ilmn.221115.v129mh.fna	581.807 MiB
OG332	OG332.ilmn.230324	OG332.ilmn.230324.v129mh.fna	677.819 MiB
OG333	OG333.ilmn.230302	OG333.ilmn.230302.v129mh.fna	0 B
OG333	OG333.ilmn.230419	OG333.ilmn.230419.v129mh.fna	0 B
OG334	OG334.ilmn.230324	OG334.ilmn.230324.v129mh.fna	698.869 MiB
OG335	OG335.ilmn.230324	OG335.ilmn.230324.v129mh.fna	651.488 MiB
OG336	OG336.ilmn.230324	OG336.ilmn.230324.v129mh.fna	671.695 MiB
OG337	OG337.ilmn.230324	OG337.ilmn.230324.v129mh.fna	783.552 MiB
OG338	OG338.ilmn.230324	OG338.ilmn.230324.v129mh.fna	785.004 MiB
OG339	OG339.ilmn.230324	OG339.ilmn.230324.v129mh.fna	1.353 GiB
OG340	OG340.ilmn.230324	OG340.ilmn.230324.v129mh.fna	1.674 GiB
OG341	OG341.ilmn.230324	OG341.ilmn.230324.v129mh.fna	547.903 MiB
OG342	OG342.ilmn.230324	OG342.ilmn.230324.v129mh.fna	591.794 MiB
OG343	OG343.ilmn.230324	OG343.ilmn.230324.v129mh.fna	659.004 MiB
OG344	OG344.ilmn.230324	OG344.ilmn.230324.v129mh.fna	643.077 MiB
OG345	OG345.ilmn.230324	OG345.ilmn.230324.v129mh.fna	605.660 MiB
OG346	OG346.ilmn.230324	OG346.ilmn.230324.v129mh.fna	910.341 MiB
OG347	OG347.ilmn.230324	OG347.ilmn.230324.v129mh.fna	766.834 MiB
OG348	OG348.ilmn.230324	OG348.ilmn.230324.v129mh.fna	2.172 GiB
OG349	OG349.ilmn.230324	OG349.ilmn.230324.v129mh.fna	806.251 MiB
OG350	OG350.ilmn.230324	OG350.ilmn.230324.v129mh.fna	1.222 GiB
OG351	OG351.ilmn.221003	OG351.ilmn.221003.v129mh.fna	966.859 MiB
OG352	OG352.ilmn.221003	OG352.ilmn.221003.v129mh.fna	1.000 GiB
OG353	OG353.ilmn.221003	OG353.ilmn.221003.v129mh.fna	1.056 GiB
OG354	OG354.ilmn.230324	OG354.ilmn.230324.v129mh.fna	1.075 GiB
OG355	OG355.ilmn.230324	OG355.ilmn.230324.v129mh.fna	1.495 GiB
OG356	OG356.ilmn.230324	OG356.ilmn.230324.v129mh.fna	1.505 GiB
OG357	OG357.ilmn.230324	OG357.ilmn.230324.v129mh.fna	707.287 MiB
OG358	OG358.ilmn.230324	OG358.ilmn.230324.v129mh.fna	948.632 MiB
OG359	OG359.ilmn.230324	OG359.ilmn.230324.v129mh.fna	2.304 GiB
OG360	OG360.ilmn.230324	OG360.ilmn.230324.v129mh.fna	841.855 MiB
OG361	OG361.ilmn.230324	OG361.ilmn.230324.v129mh.fna	580.695 MiB
OG362	OG362.ilmn.230324	OG362.ilmn.230324.v129mh.fna	561.508 MiB
OG363	OG363.ilmn.230607	OG363.ilmn.230607.v129mh.fna	0 B
OG364	OG364.ilmn.230324	OG364.ilmn.230324.v129mh.fna	574.500 MiB
OG365	OG365.ilmn.230324	OG365.ilmn.230324.v129mh.fna	523.592 MiB
OG366	OG366.ilmn.230324	OG366.ilmn.230324.v129mh.fna	666.824 MiB
OG367	OG367.ilmn.230324	OG367.ilmn.230324.v129mh.fna	772.224 MiB
OG368	OG368.ilmn.230324	OG368.ilmn.230324.v129mh.fna	926.181 MiB
OG369	OG369.ilmn.221003	OG369.ilmn.221003.v129mh.fna	0 B
OG370	OG370.ilmn.230324	OG370.ilmn.230324.v129mh.fna	905.341 MiB
OG371	OG371.ilmn.230324	OG371.ilmn.230324.v129mh.fna	692.169 MiB
OG372	OG372.ilmn.230324	OG372.ilmn.230324.v129mh.fna	687.445 MiB
OG373	OG373.ilmn.230324	OG373.ilmn.230324.v129mh.fna	804.828 MiB
OG374	OG374.ilmn.221209	OG374.ilmn.221209.v129mh.fna	0 B
OG374	OG374.ilmn.230419	OG374.ilmn.230419.v129mh.fna	755.959 MiB
OG375	OG375.ilmn.221209	OG375.ilmn.221209.v129mh.fna	0 B
OG375	OG375.ilmn.230419	OG375.ilmn.230419.v129mh.fna	762.660 MiB
OG376	OG376.ilmn.221209	OG376.ilmn.221209.v129mh.fna	0 B
OG376	OG376.ilmn.230419	OG376.ilmn.230419.v129mh.fna	809.971 MiB
OG377	OG377.ilmn.221209	OG377.ilmn.221209.v129mh.fna	0 B
OG377	OG377.ilmn.230419	OG377.ilmn.230419.v129mh.fna	810.740 MiB
OG378	OG378.ilmn.221209	OG378.ilmn.221209.v129mh.fna	0 B
OG378	OG378.ilmn.230419	OG378.ilmn.230419.v129mh.fna	798.987 MiB
OG379	OG379.ilmn.221209	OG379.ilmn.221209.v129mh.fna	0 B
OG379	OG379.ilmn.230607	OG379.ilmn.230607.v129mh.fna	0 B
OG380	OG380.ilmn.221209	OG380.ilmn.221209.v129mh.fna	0 B
OG380	OG380.ilmn.230419	OG380.ilmn.230419.v129mh.fna	645.201 MiB
OG381	OG381.ilmn.221209	OG381.ilmn.221209.v129mh.fna	0 B
OG381	OG381.ilmn.230419	OG381.ilmn.230419.v129mh.fna	968.156 MiB
OG382	OG382.ilmn.221209	OG382.ilmn.221209.v129mh.fna	0 B
OG382	OG382.ilmn.230419	OG382.ilmn.230419.v129mh.fna	1.078 GiB
OG383	OG383.ilmn.221209	OG383.ilmn.221209.v129mh.fna	0 B
OG383	OG383.ilmn.230419	OG383.ilmn.230419.v129mh.fna	580.775 MiB
OG384	OG384.ilmn.221209	OG384.ilmn.221209.v129mh.fna	0 B
OG384	OG384.ilmn.230419	OG384.ilmn.230419.v129mh.fna	696.716 MiB
OG385	OG385.ilmn.221209	OG385.ilmn.221209.v129mh.fna	0 B
OG385	OG385.ilmn.230419	OG385.ilmn.230419.v129mh.fna	712.405 MiB
OG386	OG386.ilmn.221209	OG386.ilmn.221209.v129mh.fna	0 B
OG386	OG386.ilmn.230419	OG386.ilmn.230419.v129mh.fna	912.224 MiB
OG387	OG387.ilmn.221209	OG387.ilmn.221209.v129mh.fna	0 B
OG387	OG387.ilmn.230419	OG387.ilmn.230419.v129mh.fna	629.876 MiB
OG388	OG388.ilmn.221209	OG388.ilmn.221209.v129mh.fna	0 B
OG388	OG388.ilmn.230419	OG388.ilmn.230419.v129mh.fna	831.806 MiB
OG389	OG389.ilmn.221209	OG389.ilmn.221209.v129mh.fna	0 B
OG389	OG389.ilmn.230419	OG389.ilmn.230419.v129mh.fna	818.087 MiB
OG390	OG390.ilmn.221209	OG390.ilmn.221209.v129mh.fna	0 B
OG390	OG390.ilmn.230419	OG390.ilmn.230419.v129mh.fna	872.800 MiB
OG391	OG391.ilmn.221209	OG391.ilmn.221209.v129mh.fna	0 B
OG391	OG391.ilmn.230419	OG391.ilmn.230419.v129mh.fna	601.562 MiB
OG392	OG392.ilmn.230324	OG392.ilmn.230324.v129mh.fna	725.561 MiB
OG393	OG393.ilmn.230324	OG393.ilmn.230324.v129mh.fna	1.028 GiB
OG394	OG394.ilmn.230324	OG394.ilmn.230324.v129mh.fna	788.638 MiB
OG395	OG395.ilmn.230324	OG395.ilmn.230324.v129mh.fna	795.261 MiB
OG396	OG396.ilmn.230324	OG396.ilmn.230324.v129mh.fna	974.684 MiB
OG397	OG397.ilmn.230324	OG397.ilmn.230324.v129mh.fna	1.093 GiB
OG398	OG398.ilmn.230324	OG398.ilmn.230324.v129mh.fna	1.337 GiB
OG399	OG399.ilmn.230324	OG399.ilmn.230324.v129mh.fna	788.835 MiB
OG400	OG400.ilmn.221209	OG400.ilmn.221209.v129mh.fna	0 B
OG400	OG400.ilmn.230607	OG400.ilmn.230607.v129mh.fna	0 B
OG401	OG401.ilmn.221209	OG401.ilmn.221209.v129mh.fna	0 B
OG401	OG401.ilmn.230419	OG401.ilmn.230419.v129mh.fna	663.738 MiB
OG402	OG402.ilmn.221209	OG402.ilmn.221209.v129mh.fna	0 B
OG402	OG402.ilmn.230419	OG402.ilmn.230419.v129mh.fna	725.943 MiB
OG403	OG403.ilmn.221209	OG403.ilmn.221209.v129mh.fna	0 B
OG403	OG403.ilmn.230419	OG403.ilmn.230419.v129mh.fna	734.689 MiB
OG404	OG404.ilmn.230324	OG404.ilmn.230324.v129mh.fna	793.984 MiB
OG405	OG405.ilmn.221209	OG405.ilmn.221209.v129mh.fna	0 B
OG405	OG405.ilmn.230419	OG405.ilmn.230419.v129mh.fna	586.884 MiB
OG406	OG406.ilmn.221209	OG406.ilmn.221209.v129mh.fna	0 B
OG406	OG406.ilmn.230419	OG406.ilmn.230419.v129mh.fna	794.317 MiB
OG407	OG407.ilmn.221209	OG407.ilmn.221209.v129mh.fna	0 B
OG407	OG407.ilmn.230607	OG407.ilmn.230607.v129mh.fna	0 B
OG408	OG408.ilmn.221209	OG408.ilmn.221209.v129mh.fna	0 B
OG408	OG408.ilmn.230419	OG408.ilmn.230419.v129mh.fna	607.963 MiB
OG409	OG409.ilmn.221209	OG409.ilmn.221209.v129mh.fna	0 B
OG409	OG409.ilmn.230419	OG409.ilmn.230419.v129mh.fna	877.865 MiB
OG410	OG410.ilmn.221209	OG410.ilmn.221209.v129mh.fna	0 B
OG410	OG410.ilmn.230419	OG410.ilmn.230419.v129mh.fna	649.937 MiB
OG411	OG411.ilmn.221209	OG411.ilmn.221209.v129mh.fna	0 B
OG411	OG411.ilmn.230419	OG411.ilmn.230419.v129mh.fna	619.760 MiB
OG412	OG412.ilmn.221209	OG412.ilmn.221209.v129mh.fna	0 B
OG412	OG412.ilmn.230419	OG412.ilmn.230419.v129mh.fna	970.733 MiB
OG413	OG413.ilmn.221209	OG413.ilmn.221209.v129mh.fna	0 B
OG413	OG413.ilmn.230419	OG413.ilmn.230419.v129mh.fna	604.607 MiB
OG414	OG414.ilmn.221209	OG414.ilmn.221209.v129mh.fna	0 B
OG415	OG415.ilmn.221209	OG415.ilmn.221209.v129mh.fna	0 B
OG415	OG415.ilmn.230419	OG415.ilmn.230419.v129mh.fna	523.841 MiB
OG416	OG416.ilmn.221209	OG416.ilmn.221209.v129mh.fna	0 B
OG416	OG416.ilmn.230419	OG416.ilmn.230419.v129mh.fna	1008.765 MiB
OG417	OG417.ilmn.221209	OG417.ilmn.221209.v129mh.fna	0 B
OG417	OG417.ilmn.230419	OG417.ilmn.230419.v129mh.fna	1.016 GiB
OG418	OG418.ilmn.221209	OG418.ilmn.221209.v129mh.fna	0 B
OG418	OG418.ilmn.230419	OG418.ilmn.230419.v129mh.fna	702.553 MiB
OG419	OG419.ilmn.221209	OG419.ilmn.221209.v129mh.fna	0 B
OG419	OG419.ilmn.230419	OG419.ilmn.230419.v129mh.fna	706.029 MiB
OG420	OG420.ilmn.230324	OG420.ilmn.230324.v129mh.fna	804.474 MiB
OG421	OG421.ilmn.230324	OG421.ilmn.230324.v129mh.fna	911.195 MiB
OG422	OG422.ilmn.221003	OG422.ilmn.221003.v129mh.fna	1.097 GiB
OG423	OG423.ilmn.221003	OG423.ilmn.221003.v129mh.fna	0 B
OG424	OG424.ilmn.230119	OG424.ilmn.230119.v129mh.fna	0 B
OG424	OG424.ilmn.230323	OG424.ilmn.230323.v129mh.fna	0 B
OG425	OG425.ilmn.230324	OG425.ilmn.230324.v129mh.fna	1.860 GiB
OG426	OG426.ilmn.230324	OG426.ilmn.230324.v129mh.fna	2.929 GiB
OG427	OG427.ilmn.230324	OG427.ilmn.230324.v129mh.fna	869.378 MiB
OG428	OG428.ilmn.230324	OG428.ilmn.230324.v129mh.fna	662.956 MiB
OG429	OG429.ilmn.230607	OG429.ilmn.230607.v129mh.fna	0 B
OG430	OG430.ilmn.230607	OG430.ilmn.230607.v129mh.fna	0 B
OG431	OG431.ilmn.230607	OG431.ilmn.230607.v129mh.fna	0 B
OG432	OG432.ilmn.230607	OG432.ilmn.230607.v129mh.fna	0 B
OG433	OG433.ilmn.221003	OG433.ilmn.221003.v129mh.fna	1.313 GiB
OG434	OG434.ilmn.221003	OG434.ilmn.221003.v129mh.fna	1.115 GiB
OG435	OG435.ilmn.221003	OG435.ilmn.221003.v129mh.fna	1.806 GiB
OG436	OG436.ilmn.230607	OG436.ilmn.230607.v129mh.fna	0 B
OG437	OG437.ilmn.230607	OG437.ilmn.230607.v129mh.fna	0 B
OG438	OG438.ilmn.230607	OG438.ilmn.230607.v129mh.fna	0 B
OG439	OG439.ilmn.230607	OG439.ilmn.230607.v129mh.fna	0 B
OG440	OG440.ilmn.230607	OG440.ilmn.230607.v129mh.fna	0 B
OG441	OG441.ilmn.230607	OG441.ilmn.230607.v129mh.fna	0 B
OG442	OG442.ilmn.230607	OG442.ilmn.230607.v129mh.fna	0 B
OG443	OG443.ilmn.230607	OG443.ilmn.230607.v129mh.fna	0 B
OG444	OG444.ilmn.230607	OG444.ilmn.230607.v129mh.fna	0 B
OG445	OG445.ilmn.230607	OG445.ilmn.230607.v129mh.fna	0 B
OG446	OG446.ilmn.221209	OG446.ilmn.221209.v129mh.fna	0 B
OG446	OG446.ilmn.230419	OG446.ilmn.230419.v129mh.fna	2.666 GiB
OG447	OG447.ilmn.221209	OG447.ilmn.221209.v129mh.fna	0 B
OG447	OG447.ilmn.230419	OG447.ilmn.230419.v129mh.fna	1.581 GiB
OG448	OG448.ilmn.221209	OG448.ilmn.221209.v129mh.fna	0 B
OG448	OG448.ilmn.230419	OG448.ilmn.230419.v129mh.fna	612.701 MiB
OG449	OG449.ilmn.221209	OG449.ilmn.221209.v129mh.fna	0 B
OG449	OG449.ilmn.230419	OG449.ilmn.230419.v129mh.fna	627.898 MiB
OG450	OG450.ilmn.221209	OG450.ilmn.221209.v129mh.fna	0 B
OG450	OG450.ilmn.230419	OG450.ilmn.230419.v129mh.fna	344.357 MiB
OG451	OG451.ilmn.221209	OG451.ilmn.221209.v129mh.fna	0 B
OG451	OG451.ilmn.230419	OG451.ilmn.230419.v129mh.fna	1023.560 MiB
OG452	OG452.ilmn.221209	OG452.ilmn.221209.v129mh.fna	0 B
OG453	OG453.ilmn.221209	OG453.ilmn.221209.v129mh.fna	0 B
OG453	OG453.ilmn.230607	OG453.ilmn.230607.v129mh.fna	0 B
OG454	OG454.ilmn.221209	OG454.ilmn.221209.v129mh.fna	0 B
OG454	OG454.ilmn.230419	OG454.ilmn.230419.v129mh.fna	379.259 MiB
OG455	OG455.ilmn.221209	OG455.ilmn.221209.v129mh.fna	0 B
OG455	OG455.ilmn.230607	OG455.ilmn.230607.v129mh.fna	0 B
OG456	OG456.ilmn.221209	OG456.ilmn.221209.v129mh.fna	0 B
OG456	OG456.ilmn.230419	OG456.ilmn.230419.v129mh.fna	2.074 GiB
OG457	OG457.ilmn.221209	OG457.ilmn.221209.v129mh.fna	0 B
OG457	OG457.ilmn.230419	OG457.ilmn.230419.v129mh.fna	888.013 MiB
OG458	OG458.ilmn.221209	OG458.ilmn.221209.v129mh.fna	0 B
OG458	OG458.ilmn.230419	OG458.ilmn.230419.v129mh.fna	0 B
OG459	OG459.ilmn.221209	OG459.ilmn.221209.v129mh.fna	0 B
OG459	OG459.ilmn.230419	OG459.ilmn.230419.v129mh.fna	1.228 GiB
OG460	OG460.ilmn.221209	OG460.ilmn.221209.v129mh.fna	0 B
OG461	OG461.ilmn.221209	OG461.ilmn.221209.v129mh.fna	0 B
OG461	OG461.ilmn.230419	OG461.ilmn.230419.v129mh.fna	718.105 MiB
OG462	OG462.ilmn.221209	OG462.ilmn.221209.v129mh.fna	0 B
OG462	OG462.ilmn.230419	OG462.ilmn.230419.v129mh.fna	712.789 MiB
OG463	OG463.ilmn.221209	OG463.ilmn.221209.v129mh.fna	0 B
OG463	OG463.ilmn.230419	OG463.ilmn.230419.v129mh.fna	599.432 MiB
OG464	OG464.ilmn.221209	OG464.ilmn.221209.v129mh.fna	0 B
OG464	OG464.ilmn.230419	OG464.ilmn.230419.v129mh.fna	2.302 GiB
OG465	OG465.ilmn.221209	OG465.ilmn.221209.v129mh.fna	0 B
OG465	OG465.ilmn.230419	OG465.ilmn.230419.v129mh.fna	565.591 MiB
OG466	OG466.ilmn.221209	OG466.ilmn.221209.v129mh.fna	584.551 MiB
OG467	OG467.ilmn.221209	OG467.ilmn.221209.v129mh.fna	0 B
OG467	OG467.ilmn.230419	OG467.ilmn.230419.v129mh.fna	0 B
OG468	OG468.ilmn.221209	OG468.ilmn.221209.v129mh.fna	0 B
OG468	OG468.ilmn.230419	OG468.ilmn.230419.v129mh.fna	664.587 MiB
OG469	OG469.ilmn.221209	OG469.ilmn.221209.v129mh.fna	0 B
OG469	OG469.ilmn.230419	OG469.ilmn.230419.v129mh.fna	586.284 MiB
OG470	OG470.ilmn.221209	OG470.ilmn.221209.v129mh.fna	0 B
OG470	OG470.ilmn.230607	OG470.ilmn.230607.v129mh.fna	0 B
OG471	OG471.ilmn.230607	OG471.ilmn.230607.v129mh.fna	0 B
OG472	OG472.ilmn.230607	OG472.ilmn.230607.v129mh.fna	0 B
OG473	OG473.ilmn.230607	OG473.ilmn.230607.v129mh.fna	0 B
OG474	OG474.ilmn.230607	OG474.ilmn.230607.v129mh.fna	0 B
OG475	OG475.ilmn.230607	OG475.ilmn.230607.v129mh.fna	0 B
OG476	OG476.ilmn.230607	OG476.ilmn.230607.v129mh.fna	0 B
OG477	OG477.ilmn.230302	OG477.ilmn.230302.v129mh.fna	0 B
OG477	OG477.ilmn.230419	OG477.ilmn.230419.v129mh.fna	524.376 MiB
OG478	OG478.ilmn.230302	OG478.ilmn.230302.v129mh.fna	0 B
OG478	OG478.ilmn.230419	OG478.ilmn.230419.v129mh.fna	1.109 GiB
OG479	OG479.ilmn.230302	OG479.ilmn.230302.v129mh.fna	0 B
OG479	OG479.ilmn.230419	OG479.ilmn.230419.v129mh.fna	931.103 MiB
OG480	OG480.ilmn.230302	OG480.ilmn.230302.v129mh.fna	0 B
OG480	OG480.ilmn.230419	OG480.ilmn.230419.v129mh.fna	754.594 MiB
OG481	OG481.ilmn.230302	OG481.ilmn.230302.v129mh.fna	0 B
OG481	OG481.ilmn.230419	OG481.ilmn.230419.v129mh.fna	0 B
OG482	OG482.ilmn.230302	OG482.ilmn.230302.v129mh.fna	0 B
OG482	OG482.ilmn.230419	OG482.ilmn.230419.v129mh.fna	570.399 MiB
OG483	OG483.ilmn.230119	OG483.ilmn.230119.v129mh.fna	0 B
OG483	OG483.ilmn.230323	OG483.ilmn.230323.v129mh.fna	0 B
OG484	OG484.ilmn.230302	OG484.ilmn.230302.v129mh.fna	0 B
OG484	OG484.ilmn.230419	OG484.ilmn.230419.v129mh.fna	784.648 MiB
OG485	OG485.ilmn.230302	OG485.ilmn.230302.v129mh.fna	0 B
OG485	OG485.ilmn.230419	OG485.ilmn.230419.v129mh.fna	0 B
OG486	OG486.ilmn.230302	OG486.ilmn.230302.v129mh.fna	0 B
OG486	OG486.ilmn.230419	OG486.ilmn.230419.v129mh.fna	0 B
OG487	OG487.ilmn.230302	OG487.ilmn.230302.v129mh.fna	0 B
OG487	OG487.ilmn.230419	OG487.ilmn.230419.v129mh.fna	0 B
OG488	OG488.ilmn.230119	OG488.ilmn.230119.v129mh.fna	0 B
OG488	OG488.ilmn.230323	OG488.ilmn.230323.v129mh.fna	0 B
OG489	OG489.ilmn.230302	OG489.ilmn.230302.v129mh.fna	0 B
OG489	OG489.ilmn.230419	OG489.ilmn.230419.v129mh.fna	0 B
OG490	OG490.ilmn.230302	OG490.ilmn.230302.v129mh.fna	0 B
OG490	OG490.ilmn.230419	OG490.ilmn.230419.v129mh.fna	346.481 MiB
OG491	OG491.ilmn.230302	OG491.ilmn.230302.v129mh.fna	0 B
OG491	OG491.ilmn.230419	OG491.ilmn.230419.v129mh.fna	573.480 MiB
OG492	OG492.ilmn.230302	OG492.ilmn.230302.v129mh.fna	0 B
OG492	OG492.ilmn.230419	OG492.ilmn.230419.v129mh.fna	587.706 MiB
OG493	OG493.ilmn.230302	OG493.ilmn.230302.v129mh.fna	0 B
OG493	OG493.ilmn.230419	OG493.ilmn.230419.v129mh.fna	556.524 MiB
OG494	OG494.ilmn.230302	OG494.ilmn.230302.v129mh.fna	0 B
OG494	OG494.ilmn.230419	OG494.ilmn.230419.v129mh.fna	1.076 GiB
OG495	OG495.ilmn.230302	OG495.ilmn.230302.v129mh.fna	0 B
OG495	OG495.ilmn.230419	OG495.ilmn.230419.v129mh.fna	438.938 MiB
OG496	OG496.ilmn.230302	OG496.ilmn.230302.v129mh.fna	0 B
OG496	OG496.ilmn.230419	OG496.ilmn.230419.v129mh.fna	616.839 MiB
OG497	OG497.ilmn.230302	OG497.ilmn.230302.v129mh.fna	0 B
OG497	OG497.ilmn.230419	OG497.ilmn.230419.v129mh.fna	614.928 MiB
OG498	OG498.ilmn.230302	OG498.ilmn.230302.v129mh.fna	0 B
OG498	OG498.ilmn.230419	OG498.ilmn.230419.v129mh.fna	993.013 MiB
OG499	OG499.ilmn.230302	OG499.ilmn.230302.v129mh.fna	0 B
OG499	OG499.ilmn.230419	OG499.ilmn.230419.v129mh.fna	695.754 MiB
OG500	OG500.ilmn.230119	OG500.ilmn.230119.v129mh.fna	0 B
OG500	OG500.ilmn.230323	OG500.ilmn.230323.v129mh.fna	0 B
OG501	OG501.ilmn.230302	OG501.ilmn.230302.v129mh.fna	0 B
OG501	OG501.ilmn.230419	OG501.ilmn.230419.v129mh.fna	322.657 MiB
OG502	OG502.ilmn.230302	OG502.ilmn.230302.v129mh.fna	0 B
OG502	OG502.ilmn.230419	OG502.ilmn.230419.v129mh.fna	0 B
OG503	OG503.ilmn.230302	OG503.ilmn.230302.v129mh.fna	0 B
OG503	OG503.ilmn.230419	OG503.ilmn.230419.v129mh.fna	639.807 MiB
OG504	OG504.ilmn.230302	OG504.ilmn.230302.v129mh.fna	0 B
OG504	OG504.ilmn.230419	OG504.ilmn.230419.v129mh.fna	590.652 MiB
OG505	OG505.ilmn.230302	OG505.ilmn.230302.v129mh.fna	0 B
OG505	OG505.ilmn.230419	OG505.ilmn.230419.v129mh.fna	543.065 MiB
OG506	OG506.ilmn.230302	OG506.ilmn.230302.v129mh.fna	0 B
OG506	OG506.ilmn.230419	OG506.ilmn.230419.v129mh.fna	639.490 MiB
OG507	OG507.ilmn.230119	OG507.ilmn.230119.v129mh.fna	0 B
OG507	OG507.ilmn.230323	OG507.ilmn.230323.v129mh.fna	0 B
OG508	OG508.ilmn.230119	OG508.ilmn.230119.v129mh.fna	0 B
OG508	OG508.ilmn.230323	OG508.ilmn.230323.v129mh.fna	0 B
OG509	OG509.ilmn.230302	OG509.ilmn.230302.v129mh.fna	0 B
OG509	OG509.ilmn.230419	OG509.ilmn.230419.v129mh.fna	724.228 MiB
OG510	OG510.ilmn.230119	OG510.ilmn.230119.v129mh.fna	0 B
OG510	OG510.ilmn.230323	OG510.ilmn.230323.v129mh.fna	0 B
OG511	OG511.ilmn.230302	OG511.ilmn.230302.v129mh.fna	0 B
OG511	OG511.ilmn.230419	OG511.ilmn.230419.v129mh.fna	490.959 MiB
OG512	OG512.ilmn.230302	OG512.ilmn.230302.v129mh.fna	0 B
OG512	OG512.ilmn.230419	OG512.ilmn.230419.v129mh.fna	0 B
OG513	OG513.ilmn.230302	OG513.ilmn.230302.v129mh.fna	0 B
OG513	OG513.ilmn.230419	OG513.ilmn.230419.v129mh.fna	774.565 MiB
OG514	OG514.ilmn.230302	OG514.ilmn.230302.v129mh.fna	0 B
OG514	OG514.ilmn.230419	OG514.ilmn.230419.v129mh.fna	1.171 GiB
OG515	OG515.ilmn.230119	OG515.ilmn.230119.v129mh.fna	0 B
OG515	OG515.ilmn.230323	OG515.ilmn.230323.v129mh.fna	0 B
OG516	OG516.ilmn.230302	OG516.ilmn.230302.v129mh.fna	0 B
OG516	OG516.ilmn.230419	OG516.ilmn.230419.v129mh.fna	662.666 MiB
OG517	OG517.ilmn.230302	OG517.ilmn.230302.v129mh.fna	0 B
OG517	OG517.ilmn.230419	OG517.ilmn.230419.v129mh.fna	347.581 MiB
OG518	OG518.ilmn.230302	OG518.ilmn.230302.v129mh.fna	0 B
OG518	OG518.ilmn.230419	OG518.ilmn.230419.v129mh.fna	589.472 MiB
OG519	OG519.ilmn.230302	OG519.ilmn.230302.v129mh.fna	0 B
OG519	OG519.ilmn.230419	OG519.ilmn.230419.v129mh.fna	632.985 MiB
OG520	OG520.ilmn.230302	OG520.ilmn.230302.v129mh.fna	0 B
OG520	OG520.ilmn.230419	OG520.ilmn.230419.v129mh.fna	551.385 MiB
OG521	OG521.ilmn.230302	OG521.ilmn.230302.v129mh.fna	0 B
OG521	OG521.ilmn.230419	OG521.ilmn.230419.v129mh.fna	593.956 MiB
OG522	OG522.ilmn.230302	OG522.ilmn.230302.v129mh.fna	0 B
OG522	OG522.ilmn.230419	OG522.ilmn.230419.v129mh.fna	804.457 MiB
OG523	OG523.ilmn.230302	OG523.ilmn.230302.v129mh.fna	0 B
OG523	OG523.ilmn.230419	OG523.ilmn.230419.v129mh.fna	603.716 MiB
OG524	OG524.ilmn.230302	OG524.ilmn.230302.v129mh.fna	0 B
OG524	OG524.ilmn.230419	OG524.ilmn.230419.v129mh.fna	0 B
OG525	OG525.ilmn.230302	OG525.ilmn.230302.v129mh.fna	0 B
OG525	OG525.ilmn.230419	OG525.ilmn.230419.v129mh.fna	1.130 GiB
OG526	OG526.ilmn.230302	OG526.ilmn.230302.v129mh.fna	0 B
OG526	OG526.ilmn.230419	OG526.ilmn.230419.v129mh.fna	569.202 MiB
OG527	OG527.ilmn.230607	OG527.ilmn.230607.v129mh.fna	0 B
OG528	OG528.ilmn.230607	OG528.ilmn.230607.v129mh.fna	0 B
OG529	OG529.ilmn.230302	OG529.ilmn.230302.v129mh.fna	0 B
OG529	OG529.ilmn.230419	OG529.ilmn.230419.v129mh.fna	353.192 MiB
OG530	OG530.ilmn.230607	OG530.ilmn.230607.v129mh.fna	0 B
OG531	OG531.ilmn.230302	OG531.ilmn.230302.v129mh.fna	0 B
OG531	OG531.ilmn.230419	OG531.ilmn.230419.v129mh.fna	533.747 MiB
OG532	OG532.ilmn.230302	OG532.ilmn.230302.v129mh.fna	0 B
OG532	OG532.ilmn.230419	OG532.ilmn.230419.v129mh.fna	0 B
OG532	OG532.ilmn.230607	OG532.ilmn.230607.v129mh.fna	0 B
OG533	OG533.ilmn.230302	OG533.ilmn.230302.v129mh.fna	0 B
OG533	OG533.ilmn.230419	OG533.ilmn.230419.v129mh.fna	0 B
OG534	OG534.ilmn.230302	OG534.ilmn.230302.v129mh.fna	0 B
OG534	OG534.ilmn.230419	OG534.ilmn.230419.v129mh.fna	568.356 MiB
OG535	OG535.ilmn.230302	OG535.ilmn.230302.v129mh.fna	0 B
OG535	OG535.ilmn.230419	OG535.ilmn.230419.v129mh.fna	511.215 MiB
OG536	OG536.ilmn.230302	OG536.ilmn.230302.v129mh.fna	0 B
OG536	OG536.ilmn.230419	OG536.ilmn.230419.v129mh.fna	793.616 MiB
OG537	OG537.ilmn.221003	OG537.ilmn.221003.v129mh.fna	0 B
OG538	OG538.ilmn.230302	OG538.ilmn.230302.v129mh.fna	0 B
OG538	OG538.ilmn.230419	OG538.ilmn.230419.v129mh.fna	546.876 MiB
OG539	OG539.ilmn.230302	OG539.ilmn.230302.v129mh.fna	0 B
OG539	OG539.ilmn.230419	OG539.ilmn.230419.v129mh.fna	1.248 GiB
OG540	OG540.ilmn.230302	OG540.ilmn.230302.v129mh.fna	0 B
OG540	OG540.ilmn.230419	OG540.ilmn.230419.v129mh.fna	569.921 MiB
OG541	OG541.ilmn.230302	OG541.ilmn.230302.v129mh.fna	0 B
OG541	OG541.ilmn.230419	OG541.ilmn.230419.v129mh.fna	585.728 MiB
OG542	OG542.ilmn.230302	OG542.ilmn.230302.v129mh.fna	0 B
OG542	OG542.ilmn.230419	OG542.ilmn.230419.v129mh.fna	564.366 MiB
OG543	OG543.ilmn.230302	OG543.ilmn.230302.v129mh.fna	0 B
OG543	OG543.ilmn.230419	OG543.ilmn.230419.v129mh.fna	563.682 MiB
OG544	OG544.ilmn.230302	OG544.ilmn.230302.v129mh.fna	0 B
OG544	OG544.ilmn.230419	OG544.ilmn.230419.v129mh.fna	591.219 MiB
OG545	OG545.ilmn.230302	OG545.ilmn.230302.v129mh.fna	0 B
OG545	OG545.ilmn.230419	OG545.ilmn.230419.v129mh.fna	574.357 MiB
OG546	OG546.ilmn.230302	OG546.ilmn.230302.v129mh.fna	0 B
OG546	OG546.ilmn.230419	OG546.ilmn.230419.v129mh.fna	722.543 MiB
OG547	OG547.ilmn.230302	OG547.ilmn.230302.v129mh.fna	0 B
OG547	OG547.ilmn.230419	OG547.ilmn.230419.v129mh.fna	851.273 MiB
OG548	OG548.ilmn.230302	OG548.ilmn.230302.v129mh.fna	0 B
OG548	OG548.ilmn.230419	OG548.ilmn.230419.v129mh.fna	0 B
OG549	OG549.ilmn.230302	OG549.ilmn.230302.v129mh.fna	0 B
OG549	OG549.ilmn.230419	OG549.ilmn.230419.v129mh.fna	658.277 MiB
OG550	OG550.ilmn.230302	OG550.ilmn.230302.v129mh.fna	0 B
OG550	OG550.ilmn.230419	OG550.ilmn.230419.v129mh.fna	714.938 MiB
OG551	OG551.ilmn.230302	OG551.ilmn.230302.v129mh.fna	0 B
OG551	OG551.ilmn.230419	OG551.ilmn.230419.v129mh.fna	0 B
OG552	OG552.ilmn.230302	OG552.ilmn.230302.v129mh.fna	0 B
OG552	OG552.ilmn.230419	OG552.ilmn.230419.v129mh.fna	1.000 GiB
OG553	OG553.ilmn.230302	OG553.ilmn.230302.v129mh.fna	0 B
OG553	OG553.ilmn.230419	OG553.ilmn.230419.v129mh.fna	884.631 MiB
OG554	OG554.ilmn.230302	OG554.ilmn.230302.v129mh.fna	0 B
OG554	OG554.ilmn.230419	OG554.ilmn.230419.v129mh.fna	943.467 MiB
OG555	OG555.ilmn.221003	OG555.ilmn.221003.v129mh.fna	0 B
OG556	OG556.ilmn.230302	OG556.ilmn.230302.v129mh.fna	0 B
OG556	OG556.ilmn.230419	OG556.ilmn.230419.v129mh.fna	474.686 MiB
OG557	OG557.ilmn.230302	OG557.ilmn.230302.v129mh.fna	0 B
OG557	OG557.ilmn.230419	OG557.ilmn.230419.v129mh.fna	630.882 MiB
OG558	OG558.ilmn.230302	OG558.ilmn.230302.v129mh.fna	0 B
OG558	OG558.ilmn.230419	OG558.ilmn.230419.v129mh.fna	552.247 MiB
OG559	OG559.ilmn.230302	OG559.ilmn.230302.v129mh.fna	0 B
OG559	OG559.ilmn.230419	OG559.ilmn.230419.v129mh.fna	1.081 GiB
OG560	OG560.ilmn.230302	OG560.ilmn.230302.v129mh.fna	0 B
OG560	OG560.ilmn.230419	OG560.ilmn.230419.v129mh.fna	1.167 GiB
OG561	OG561.ilmn.230302	OG561.ilmn.230302.v129mh.fna	0 B
OG561	OG561.ilmn.230419	OG561.ilmn.230419.v129mh.fna	0 B
OG562	OG562.ilmn.230302	OG562.ilmn.230302.v129mh.fna	0 B
OG562	OG562.ilmn.230419	OG562.ilmn.230419.v129mh.fna	844.988 MiB
OG563	OG563.ilmn.230302	OG563.ilmn.230302.v129mh.fna	0 B
OG563	OG563.ilmn.230419	OG563.ilmn.230419.v129mh.fna	1.240 GiB
OG564	OG564.ilmn.230302	OG564.ilmn.230302.v129mh.fna	0 B
OG564	OG564.ilmn.230419	OG564.ilmn.230419.v129mh.fna	337.058 MiB
OG565	OG565.ilmn.230302	OG565.ilmn.230302.v129mh.fna	0 B
OG565	OG565.ilmn.230419	OG565.ilmn.230419.v129mh.fna	354.603 MiB
OG566	OG566.ilmn.230302	OG566.ilmn.230302.v129mh.fna	0 B
OG566	OG566.ilmn.230419	OG566.ilmn.230419.v129mh.fna	590.464 MiB
OG567	OG567.ilmn.221003	OG567.ilmn.221003.v129mh.fna	0 B
OG568	OG568.ilmn.230302	OG568.ilmn.230302.v129mh.fna	0 B
OG568	OG568.ilmn.230419	OG568.ilmn.230419.v129mh.fna	489.465 MiB
OG569	OG569.ilmn.230302	OG569.ilmn.230302.v129mh.fna	0 B
OG569	OG569.ilmn.230419	OG569.ilmn.230419.v129mh.fna	0 B
OG570	OG570.ilmn.230302	OG570.ilmn.230302.v129mh.fna	0 B
OG570	OG570.ilmn.230419	OG570.ilmn.230419.v129mh.fna	671.081 MiB
OG571	OG571.ilmn.230302	OG571.ilmn.230302.v129mh.fna	0 B
OG571	OG571.ilmn.230419	OG571.ilmn.230419.v129mh.fna	641.655 MiB
OG572	OG572.ilmn.230302	OG572.ilmn.230302.v129mh.fna	0 B
OG572	OG572.ilmn.230419	OG572.ilmn.230419.v129mh.fna	0 B
OG573	OG573.ilmn.230607	OG573.ilmn.230607.v129mh.fna	0 B
OG574	OG574.ilmn.230302	OG574.ilmn.230302.v129mh.fna	0 B
OG574	OG574.ilmn.230419	OG574.ilmn.230419.v129mh.fna	621.829 MiB
OG575	OG575.ilmn.230302	OG575.ilmn.230302.v129mh.fna	0 B
OG575	OG575.ilmn.230419	OG575.ilmn.230419.v129mh.fna	789.977 MiB
OG576	OG576.ilmn.230302	OG576.ilmn.230302.v129mh.fna	0 B
OG576	OG576.ilmn.230419	OG576.ilmn.230419.v129mh.fna	737.227 MiB
OG577	OG577.ilmn.230302	OG577.ilmn.230302.v129mh.fna	0 B
OG577	OG577.ilmn.230419	OG577.ilmn.230419.v129mh.fna	635.442 MiB
OG578	OG578.ilmn.230302	OG578.ilmn.230302.v129mh.fna	0 B
OG578	OG578.ilmn.230419	OG578.ilmn.230419.v129mh.fna	636.245 MiB
OG579	OG579.ilmn.221003	OG579.ilmn.221003.v129mh.fna	0 B
OG580	OG580.ilmn.221003	OG580.ilmn.221003.v129mh.fna	0 B
OG581	OG581.ilmn.230302	OG581.ilmn.230302.v129mh.fna	0 B
OG581	OG581.ilmn.230419	OG581.ilmn.230419.v129mh.fna	821.044 MiB
OG582	OG582.ilmn.221003	OG582.ilmn.221003.v129mh.fna	0 B
OG583	OG583.ilmn.230302	OG583.ilmn.230302.v129mh.fna	0 B
OG583	OG583.ilmn.230419	OG583.ilmn.230419.v129mh.fna	1.212 GiB
OG584	OG584.ilmn.230302	OG584.ilmn.230302.v129mh.fna	0 B
OG584	OG584.ilmn.230419	OG584.ilmn.230419.v129mh.fna	1.607 GiB
OG585	OG585.ilmn.230302	OG585.ilmn.230302.v129mh.fna	0 B
OG585	OG585.ilmn.230419	OG585.ilmn.230419.v129mh.fna	670.037 MiB
OG586	OG586.ilmn.230302	OG586.ilmn.230302.v129mh.fna	0 B
OG586	OG586.ilmn.230419	OG586.ilmn.230419.v129mh.fna	686.447 MiB
OG587	OG587.ilmn.230302	OG587.ilmn.230302.v129mh.fna	0 B
OG587	OG587.ilmn.230419	OG587.ilmn.230419.v129mh.fna	737.591 MiB
OG588	OG588.ilmn.230302	OG588.ilmn.230302.v129mh.fna	0 B
OG588	OG588.ilmn.230419	OG588.ilmn.230419.v129mh.fna	717.614 MiB
OG589	OG589.ilmn.230302	OG589.ilmn.230302.v129mh.fna	0 B
OG589	OG589.ilmn.230419	OG589.ilmn.230419.v129mh.fna	584.542 MiB
OG590	OG590.ilmn.230302	OG590.ilmn.230302.v129mh.fna	0 B
OG590	OG590.ilmn.230419	OG590.ilmn.230419.v129mh.fna	627.551 MiB
OG591	OG591.ilmn.230302	OG591.ilmn.230302.v129mh.fna	0 B
OG591	OG591.ilmn.230419	OG591.ilmn.230419.v129mh.fna	596.718 MiB
OG592	OG592.ilmn.230302	OG592.ilmn.230302.v129mh.fna	0 B
OG592	OG592.ilmn.230419	OG592.ilmn.230419.v129mh.fna	1.085 GiB
OG593	OG593.ilmn.230302	OG593.ilmn.230302.v129mh.fna	0 B
OG593	OG593.ilmn.230419	OG593.ilmn.230419.v129mh.fna	451.457 MiB
OG594	OG594.ilmn.230302	OG594.ilmn.230302.v129mh.fna	0 B
OG594	OG594.ilmn.230419	OG594.ilmn.230419.v129mh.fna	381.038 MiB
OG595	OG595.ilmn.230302	OG595.ilmn.230302.v129mh.fna	0 B
OG595	OG595.ilmn.230419	OG595.ilmn.230419.v129mh.fna	769.791 MiB
OG596	OG596.ilmn.230302	OG596.ilmn.230302.v129mh.fna	0 B
OG596	OG596.ilmn.230419	OG596.ilmn.230419.v129mh.fna	538.912 MiB
OG597	OG597.ilmn.230302	OG597.ilmn.230302.v129mh.fna	0 B
OG597	OG597.ilmn.230419	OG597.ilmn.230419.v129mh.fna	634.034 MiB
OG598	OG598.ilmn.230302	OG598.ilmn.230302.v129mh.fna	0 B
OG598	OG598.ilmn.230419	OG598.ilmn.230419.v129mh.fna	634.953 MiB
OG599	OG599.ilmn.230302	OG599.ilmn.230302.v129mh.fna	0 B
OG599	OG599.ilmn.230419	OG599.ilmn.230419.v129mh.fna	555.828 MiB
OG600	OG600.ilmn.230302	OG600.ilmn.230302.v129mh.fna	0 B
OG600	OG600.ilmn.230419	OG600.ilmn.230419.v129mh.fna	459.503 MiB
OG601	OG601.ilmn.230302	OG601.ilmn.230302.v129mh.fna	0 B
OG601	OG601.ilmn.230419	OG601.ilmn.230419.v129mh.fna	461.173 MiB
OG602	OG602.ilmn.230302	OG602.ilmn.230302.v129mh.fna	0 B
OG602	OG602.ilmn.230419	OG602.ilmn.230419.v129mh.fna	0 B
OG603	OG603.ilmn.230302	OG603.ilmn.230302.v129mh.fna	0 B
OG603	OG603.ilmn.230419	OG603.ilmn.230419.v129mh.fna	555.829 MiB
OG604	OG604.ilmn.230302	OG604.ilmn.230302.v129mh.fna	0 B
OG604	OG604.ilmn.230419	OG604.ilmn.230419.v129mh.fna	634.603 MiB
OG605	OG605.ilmn.230302	OG605.ilmn.230302.v129mh.fna	0 B
OG605	OG605.ilmn.230419	OG605.ilmn.230419.v129mh.fna	557.450 MiB
OG606	OG606.ilmn.230302	OG606.ilmn.230302.v129mh.fna	0 B
OG606	OG606.ilmn.230419	OG606.ilmn.230419.v129mh.fna	563.456 MiB
OG607	OG607.ilmn.230302	OG607.ilmn.230302.v129mh.fna	0 B
OG607	OG607.ilmn.230419	OG607.ilmn.230419.v129mh.fna	1.056 GiB
OG608	OG608.ilmn.230302	OG608.ilmn.230302.v129mh.fna	0 B
OG608	OG608.ilmn.230419	OG608.ilmn.230419.v129mh.fna	569.758 MiB
OG609	OG609.ilmn.230302	OG609.ilmn.230302.v129mh.fna	0 B
OG609	OG609.ilmn.230419	OG609.ilmn.230419.v129mh.fna	573.230 MiB
OG610	OG610.ilmn.221003	OG610.ilmn.221003.v129mh.fna	0 B
OG611	OG611.ilmn.230302	OG611.ilmn.230302.v129mh.fna	0 B
OG611	OG611.ilmn.230419	OG611.ilmn.230419.v129mh.fna	0 B
OG612	OG612.ilmn.230302	OG612.ilmn.230302.v129mh.fna	0 B
OG612	OG612.ilmn.230419	OG612.ilmn.230419.v129mh.fna	493.129 MiB
OG613	OG613.ilmn.230302	OG613.ilmn.230302.v129mh.fna	0 B
OG613	OG613.ilmn.230419	OG613.ilmn.230419.v129mh.fna	596.134 MiB
OG614	OG614.ilmn.230302	OG614.ilmn.230302.v129mh.fna	0 B
OG614	OG614.ilmn.230419	OG614.ilmn.230419.v129mh.fna	660.951 MiB
OG615	OG615.ilmn.230302	OG615.ilmn.230302.v129mh.fna	0 B
OG615	OG615.ilmn.230419	OG615.ilmn.230419.v129mh.fna	665.163 MiB
OG616	OG616.ilmn.230302	OG616.ilmn.230302.v129mh.fna	0 B
OG616	OG616.ilmn.230419	OG616.ilmn.230419.v129mh.fna	0 B
OG617	OG617.ilmn.230302	OG617.ilmn.230302.v129mh.fna	0 B
OG617	OG617.ilmn.230419	OG617.ilmn.230419.v129mh.fna	0 B
OG617	OG617.ilmn.230607	OG617.ilmn.230607.v129mh.fna	0 B
OG617	OG617.ilmn.240813	OG617.ilmn.240813.v129mh.fna	678.328 MiB
OG618	OG618.ilmn.230302	OG618.ilmn.230302.v129mh.fna	0 B
OG618	OG618.ilmn.230419	OG618.ilmn.230419.v129mh.fna	0 B
OG618	OG618.ilmn.230607	OG618.ilmn.230607.v129mh.fna	0 B
OG619	OG619.ilmn.230302	OG619.ilmn.230302.v129mh.fna	0 B
OG619	OG619.ilmn.230419	OG619.ilmn.230419.v129mh.fna	0 B
OG619	OG619.ilmn.230607	OG619.ilmn.230607.v129mh.fna	0 B
OG620	OG620.ilmn.230302	OG620.ilmn.230302.v129mh.fna	0 B
OG620	OG620.ilmn.230419	OG620.ilmn.230419.v129mh.fna	0 B
OG621	OG621.ilmn.230302	OG621.ilmn.230302.v129mh.fna	0 B
OG621	OG621.ilmn.230419	OG621.ilmn.230419.v129mh.fna	776.328 MiB
OG622	OG622.ilmn.230302	OG622.ilmn.230302.v129mh.fna	0 B
OG622	OG622.ilmn.230419	OG622.ilmn.230419.v129mh.fna	765.772 MiB
OG623	OG623.ilmn.230302	OG623.ilmn.230302.v129mh.fna	0 B
OG623	OG623.ilmn.230419	OG623.ilmn.230419.v129mh.fna	0 B
OG624	OG624.ilmn.230302	OG624.ilmn.230302.v129mh.fna	0 B
OG624	OG624.ilmn.230419	OG624.ilmn.230419.v129mh.fna	666.481 MiB
OG630	OG630.ilmn.241003	OG630.ilmn.241003.v129mh.fna	0 B
OG631	OG631.ilmn.241003	OG631.ilmn.241003.v129mh.fna	0 B
OG632	OG632.ilmn.241003	OG632.ilmn.241003.v129mh.fna	0 B
OG633	OG633.ilmn.241003	OG633.ilmn.241003.v129mh.fna	0 B
OG634	OG634.ilmn.241003	OG634.ilmn.241003.v129mh.fna	0 B
OG635	OG635.ilmn.241003	OG635.ilmn.241003.v129mh.fna	0 B
OG636	OG636.ilmn.241003	OG636.ilmn.241003.v129mh.fna	0 B
OG638	OG638.ilmn.241003	OG638.ilmn.241003.v129mh.fna	0 B
OG639	OG639.ilmn.241003	OG639.ilmn.241003.v129mh.fna	0 B
OG640	OG640.ilmn.241003	OG640.ilmn.241003.v129mh.fna	0 B
OG641	OG641.ilmn.241003	OG641.ilmn.241003.v129mh.fna	0 B
OG642	OG642.ilmn.241003	OG642.ilmn.241003.v129mh.fna	0 B
OG643	OG643.ilmn.241003	OG643.ilmn.241003.v129mh.fna	0 B
OG644	OG644.ilmn.241003	OG644.ilmn.241003.v129mh.fna	0 B
OG653	OG653.ilmn.240313	OG653.ilmn.240313.v129mh.fna	800.005 MiB
OG655	OG655.ilmn.240313	OG655.ilmn.240313.v129mh.fna	1.173 GiB
OG656	OG656.ilmn.240313	OG656.ilmn.240313.v129mh.fna	904.084 MiB
OG661	OG661.ilmn.240313	OG661.ilmn.240313.v129mh.fna	986.680 MiB
OG663	OG663.ilmn.240313	OG663.ilmn.240313.v129mh.fna	905.406 MiB
OG666	OG666.ilmn.240313	OG666.ilmn.240313.v129mh.fna	1.084 GiB
OG667	OG667.ilmn.240716	OG667.ilmn.240716.v129mh.fna	1.047 GiB
OG668	OG668.ilmn.240313	OG668.ilmn.240313.v129mh.fna	1.181 GiB
OG670	OG670.ilmn.240313	OG670.ilmn.240313.v129mh.fna	900.518 MiB
OG671	OG671.ilmn.240313	OG671.ilmn.240313.v129mh.fna	1.019 GiB
OG674	OG674.ilmn.240716	OG674.ilmn.240716.v129mh.fna	586.110 MiB
OG677	OG677.ilmn.240313	OG677.ilmn.240313.v129mh.fna	641.451 MiB
OG682	OG682.ilmn.240716	OG682.ilmn.240716.v129mh.fna	945.375 MiB
OG684	OG684.ilmn.240313	OG684.ilmn.240313.v129mh.fna	1.031 GiB
OG685	OG685.ilmn.240313	OG685.ilmn.240313.v129mh.fna	1003.817 MiB
OG687	OG687.ilmn.240313	OG687.ilmn.240313.v129mh.fna	1.037 GiB
OG688	OG688.ilmn.240313	OG688.ilmn.240313.v129mh.fna	586.050 MiB
OG689	OG689.ilmn.240313	OG689.ilmn.240313.v129mh.fna	1013.262 MiB
OG690	OG690.ilmn.240716	OG690.ilmn.240716.v129mh.fna	1.053 GiB
OG691	OG691.ilmn.240716	OG691.ilmn.240716.v129mh.fna	1.024 GiB
OG692	OG692.ilmn.240716	OG692.ilmn.240716.v129mh.fna	920.686 MiB
OG693	OG693.ilmn.240716	OG693.ilmn.240716.v129mh.fna	1.075 GiB
OG694	OG694.ilmn.240716	OG694.ilmn.240716.v129mh.fna	779.779 MiB
OG697	OG697.ilmn.240716	OG697.ilmn.240716.v129mh.fna	1.045 GiB
OG698	OG698.ilmn.240716	OG698.ilmn.240716.v129mh.fna	987.686 MiB
OG700	OG700.ilmn.240716	OG700.ilmn.240716.v129mh.fna	1.105 GiB
OG703	OG703.ilmn.240313	OG703.ilmn.240313.v129mh.fna	602.004 MiB
OG705	OG705.ilmn.240813	OG705.ilmn.240813.v129mh.fna	2.597 GiB
OG736	OG736.ilmn.240813	OG736.ilmn.240813.v129mh.fna	819.161 MiB
OG753	OG753.ilmn.240813	OG753.ilmn.240813.v129mh.fna	1.021 GiB
OG754	OG754.ilmn.240716	OG754.ilmn.240716.v129mh.fna	653.863 MiB
OG761	OG761.ilmn.240716	OG761.ilmn.240716.v129mh.fna	562.392 MiB
OG764	OG764.ilmn.240716	OG764.ilmn.240716.v129mh.fna	1.012 GiB
OG768	OG768.ilmn.240716	OG768.ilmn.240716.v129mh.fna	627.529 MiB
OG780	OG780.ilmn.240716	OG780.ilmn.240716.v129mh.fna	824.103 MiB
OG782	OG782.ilmn.240716	OG782.ilmn.240716.v129mh.fna	932.340 MiB
OG783	OG783.ilmn.240716	OG783.ilmn.240716.v129mh.fna	1.006 GiB
OG792	OG792.ilmn.240716	OG792.ilmn.240716.v129mh.fna	950.945 MiB
OG795	OG795.ilmn.240716	OG795.ilmn.240716.v129mh.fna	741.862 MiB
OG796	OG796.ilmn.240716	OG796.ilmn.240716.v129mh.fna	709.091 MiB
OG797	OG797.ilmn.240716	OG797.ilmn.240716.v129mh.fna	984.192 MiB
OG798	OG798.ilmn.240716	OG798.ilmn.240716.v129mh.fna	1.005 GiB
OG809	OG809.ilmn.240716	OG809.ilmn.240716.v129mh.fna	650.775 MiB
OG812	OG812.ilmn.240716	OG812.ilmn.240716.v129mh.fna	887.256 MiB
OG814	OG814.ilmn.240716	OG814.ilmn.240716.v129mh.fna	906.876 MiB
OG816	OG816.ilmn.240716	OG816.ilmn.240716.v129mh.fna	805.729 MiB
OG817	OG817.ilmn.240716	OG817.ilmn.240716.v129mh.fna	770.065 MiB
OG823	OG823.ilmn.240716	OG823.ilmn.240716.v129mh.fna	932.488 MiB
OG825	OG825.ilmn.240716	OG825.ilmn.240716.v129mh.fna	1.065 GiB
OG826	OG826.ilmn.240813	OG826.ilmn.240813.v129mh.fna	1.150 GiB
OG827	OG827.ilmn.240716	OG827.ilmn.240716.v129mh.fna	1.045 GiB
OG831	OG831.ilmn.240716	OG831.ilmn.240716.v129mh.fna	695.270 MiB
OG832	OG832.ilmn.240813	OG832.ilmn.240813.v129mh.fna	1.050 GiB
OG833	OG833.ilmn.240716	OG833.ilmn.240716.v129mh.fna	682.310 MiB
OG841	OG841.ilmn.240813	OG841.ilmn.240813.v129mh.fna	2.098 GiB
OG842	OG842.ilmn.240813	OG842.ilmn.240813.v129mh.fna	2.186 GiB
OG843	OG843.ilmn.240813	OG843.ilmn.240813.v129mh.fna	2.133 GiB
OG850	OG850.ilmn.240716	OG850.ilmn.240716.v129mh.fna	688.022 MiB
OG851	OG851.ilmn.240716	OG851.ilmn.240716.v129mh.fna	688.290 MiB
OG870	OG870.ilmn.241108	OG870.ilmn.241108.v129mh.fna	0 B
OG871	OG871.ilmn.241108	OG871.ilmn.241108.v129mh.fna	0 B
OG872	OG872.ilmn.241101	OG872.ilmn.241101.v129mh.fna	0 B
OG873	OG873.ilmn.241108	OG873.ilmn.241108.v129mh.fna	0 B
OG874	OG874.ilmn.241101	OG874.ilmn.241101.v129mh.fna	0 B
OG875	OG875.ilmn.241101	OG875.ilmn.241101.v129mh.fna	0 B
OG876	OG876.ilmn.241108	OG876.ilmn.241108.v129mh.fna	0 B
OG877	OG877.ilmn.241108	OG877.ilmn.241108.v129mh.fna	0 B
OG878	OG878.ilmn.241108	OG878.ilmn.241108.v129mh.fna	0 B
OG879	OG879.ilmn.241108	OG879.ilmn.241108.v129mh.fna	0 B
OG880	OG880.ilmn.241108	OG880.ilmn.241108.v129mh.fna	0 B
OG881	OG881.ilmn.241108	OG881.ilmn.241108.v129mh.fna	0 B
OG882	OG882.ilmn.241108	OG882.ilmn.241108.v129mh.fna	0 B
OG883	OG883.ilmn.241108	OG883.ilmn.241108.v129mh.fna	0 B
OG884	OG884.ilmn.241108	OG884.ilmn.241108.v129mh.fna	0 B
OG885	OG885.ilmn.241108	OG885.ilmn.241108.v129mh.fna	0 B
OG886	OG886.ilmn.241108	OG886.ilmn.241108.v129mh.fna	0 B
OG887	OG887.ilmn.241108	OG887.ilmn.241108.v129mh.fna	0 B
OG888	OG888.ilmn.241108	OG888.ilmn.241108.v129mh.fna	0 B
OG889	OG889.ilmn.241108	OG889.ilmn.241108.v129mh.fna	0 B
OG890	OG890.ilmn.241108	OG890.ilmn.241108.v129mh.fna	0 B
OG891	OG891.ilmn.241108	OG891.ilmn.241108.v129mh.fna	0 B
OG892	OG892.ilmn.241108	OG892.ilmn.241108.v129mh.fna	0 B
OG896	OG896.ilmn.241108	OG896.ilmn.241108.v129mh.fna	0 B
OG901	OG901.ilmn.241108	OG901.ilmn.241108.v129mh.fna	0 B
OG902	OG902.ilmn.241108	OG902.ilmn.241108.v129mh.fna	0 B
OG903	OG903.ilmn.241108	OG903.ilmn.241108.v129mh.fna	0 B
OG905	OG905.ilmn.241108	OG905.ilmn.241108.v129mh.fna	0 B
OG911	OG911.ilmn.241003	OG911.ilmn.241003.v129mh.fna	0 B
OG912	OG912.ilmn.241003	OG912.ilmn.241003.v129mh.fna	0 B
OG913	OG913.ilmn.241003	OG913.ilmn.241003.v129mh.fna	0 B
OG915	OG915.ilmn.241003	OG915.ilmn.241003.v129mh.fna	0 B
OG916	OG916.ilmn.241003	OG916.ilmn.241003.v129mh.fna	0 B
OG917	OG917.ilmn.241003	OG917.ilmn.241003.v129mh.fna	0 B
OG918	OG918.ilmn.241003	OG918.ilmn.241003.v129mh.fna	0 B
OG919	OG919.ilmn.241003	OG919.ilmn.241003.v129mh.fna	0 B
OG920	OG920.ilmn.241003	OG920.ilmn.241003.v129mh.fna	0 B
OG921	OG921.ilmn.241003	OG921.ilmn.241003.v129mh.fna	0 B
OG922	OG922.ilmn.241003	OG922.ilmn.241003.v129mh.fna	0 B
OG923	OG923.ilmn.241003	OG923.ilmn.241003.v129mh.fna	0 B
OG924	OG924.ilmn.241003	OG924.ilmn.241003.v129mh.fna	0 B
OG925	OG925.ilmn.241003	OG925.ilmn.241003.v129mh.fna	0 B
OG926	OG926.ilmn.241003	OG926.ilmn.241003.v129mh.fna	0 B
OG927	OG927.ilmn.241003	OG927.ilmn.241003.v129mh.fna	0 B
OG928	OG928.ilmn.241003	OG928.ilmn.241003.v129mh.fna	0 B
OG929	OG929.ilmn.241003	OG929.ilmn.241003.v129mh.fna	0 B
OG930	OG930.ilmn.241003	OG930.ilmn.241003.v129mh.fna	0 B
OG931	OG931.ilmn.241003	OG931.ilmn.241003.v129mh.fna	0 B
OG932	OG932.ilmn.241003	OG932.ilmn.241003.v129mh.fna	0 B
OG933	OG933.ilmn.241003	OG933.ilmn.241003.v129mh.fna	0 B
OG934	OG934.ilmn.241003	OG934.ilmn.241003.v129mh.fna	0 B
OG935	OG935.ilmn.241003	OG935.ilmn.241003.v129mh.fna	0 B
OG936	OG936.ilmn.241003	OG936.ilmn.241003.v129mh.fna	0 B
OG937	OG937.ilmn.241003	OG937.ilmn.241003.v129mh.fna	0 B
OG938	OG938.ilmn.241003	OG938.ilmn.241003.v129mh.fna	0 B
OG939	OG939.ilmn.241003	OG939.ilmn.241003.v129mh.fna	0 B
OG940	OG940.ilmn.241003	OG940.ilmn.241003.v129mh.fna	0 B
OG941	OG941.ilmn.241003	OG941.ilmn.241003.v129mh.fna	0 B
OG942	OG942.ilmn.241003	OG942.ilmn.241003.v129mh.fna	0 B
OG943	OG943.ilmn.241003	OG943.ilmn.241003.v129mh.fna	0 B
OG944	OG944.ilmn.241003	OG944.ilmn.241003.v129mh.fna	0 B
OG945	OG945.ilmn.241003	OG945.ilmn.241003.v129mh.fna	0 B
OG946	OG946.ilmn.241003	OG946.ilmn.241003.v129mh.fna	0 B
OG949	OG949.ilmn.241003	OG949.ilmn.241003.v129mh.fna	0 B
OG950	OG950.ilmn.241003	OG950.ilmn.241003.v129mh.fna	0 B
OG951	OG951.ilmn.241003	OG951.ilmn.241003.v129mh.fna	0 B
OG952	OG952.ilmn.241003	OG952.ilmn.241003.v129mh.fna	0 B
OG953	OG953.ilmn.241003	OG953.ilmn.241003.v129mh.fna	0 B
OG954	OG954.ilmn.241003	OG954.ilmn.241003.v129mh.fna	0 B
OG956	OG956.ilmn.241003	OG956.ilmn.241003.v129mh.fna	0 B
OG957	OG957.ilmn.241003	OG957.ilmn.241003.v129mh.fna	0 B
OG958	OG958.ilmn.241003	OG958.ilmn.241003.v129mh.fna	0 B
OG959	OG959.ilmn.241003	OG959.ilmn.241003.v129mh.fna	0 B
OG960	OG960.ilmn.241003	OG960.ilmn.241003.v129mh.fna	0 B
OG961	OG961.ilmn.241003	OG961.ilmn.241003.v129mh.fna	0 B
OG962	OG962.ilmn.241003	OG962.ilmn.241003.v129mh.fna	0 B
OG963	OG963.ilmn.241003	OG963.ilmn.241003.v129mh.fna	0 B
OG964	OG964.ilmn.241003	OG964.ilmn.241003.v129mh.fna	0 B
OG965	OG965.ilmn.241003	OG965.ilmn.241003.v129mh.fna	0 B
OG1042	OG1042.ilmn.241003	OG1042.ilmn.241003.v129mh.fna	0 B
OG1043	OG1043.ilmn.241003	OG1043.ilmn.241003.v129mh.fna	0 B
OG1045	OG1045.ilmn.241003	OG1045.ilmn.241003.v129mh.fna	0 B
OG1047	OG1047.ilmn.241003	OG1047.ilmn.241003.v129mh.fna	0 B
OG1071	OG1071.ilmn.241003	OG1071.ilmn.241003.v129mh.fna	0 B
OG1072	OG1072.ilmn.241003	OG1072.ilmn.241003.v129mh.fna	0 B
OG1073	OG1073.ilmn.241003	OG1073.ilmn.241003.v129mh.fna	0 B
OG1074	OG1074.ilmn.241003	OG1074.ilmn.241003.v129mh.fna	0 B
